{"cameraMode":{"drawMode":0,"name":"Shaded","section":"Shading Mode"},"sceneLighting":false,"audioPlay":false,"sceneViewState":{"showFog":true,"showMaterialUpdate":false,"showSkybox":true,"showFlares":true,"showImageEffects":true,"showParticleSystems":true},"in2DMode":false,"pivot":{"x":0.5733396410942078,"y":2.9993886947631838,"z":2.6238415241241457},"rotation":{"x":-0.0002809227735269815,"y":0.9996862411499023,"z":0.013186889700591565,"w":0.021297508850693704},"size":6.890747547149658,"orthographic":false}